name,brand,category,price_usd,price_pkr,ram,storage,processor,gpu,display_size,display_type,battery_mah_or_life_hrs,battery_life_hrs,main_camera_mp,os_platform,connectivity,anc,weight_g,rating_out_of_5,recommended_for,key_features
iPhone 17 Pro Max,Apple,Mobile,1199,399000,8GB,256GB,Apple A19 Pro,Apple GPU,"6.9""",ProMotion OLED 120Hz,4685,29,48MP Triple,iOS 19,Wi-Fi 7 / BT 5.4 / 5G,N/A,227,4.9,Flagship users / photographers,Titanium frame; 5x telephoto; ProRes 8K video; Action Button; Dynamic Island
iPhone 17 Pro,Apple,Mobile,1099,366000,8GB,256GB,Apple A19 Pro,Apple GPU,"6.3""",ProMotion OLED 120Hz,3200,27,48MP Triple,iOS 19,Wi-Fi 7 / BT 5.4 / 5G,N/A,199,4.8,Premium compact users,Titanium; Tetraprism 5x; ProRes; Thinnest Pro ever
iPhone 17,Apple,Mobile,989,329000,8GB,128GB,Apple A19,Apple GPU,"6.1""",Super Retina XDR OLED,3200,22,48MP Dual,iOS 19,Wi-Fi 7 / BT 5.4 / 5G,N/A,170,4.7,Everyday iPhone users,New camera control button; thin design; Ceramic Shield
iPhone 17e,Apple,Mobile,699,233000,8GB,128GB,Apple A16,Apple GPU,"6.1""",OLED,2800,18,48MP,iOS 18,Wi-Fi 6E / BT 5.3 / 5G,N/A,167,4.5,Budget Apple users,Most affordable 5G iPhone; Face ID; USB-C
iPhone 16 Pro Max,Apple,Mobile,1199,420000,8GB,256GB,Apple A18 Pro,Apple GPU,"6.9""",Super Retina XDR OLED 120Hz,4685,33,48MP Triple,iOS 18,Wi-Fi 6E / BT 5.3 / 5G,N/A,227,4.8,Power users / videographers,Camera Control button; 4K 120fps; Action Button; Titanium
iPhone 16 Pro,Apple,Mobile,1099,385000,8GB,128GB,Apple A18 Pro,Apple GPU,"6.3""",Super Retina XDR OLED 120Hz,3582,27,48MP Triple,iOS 18,Wi-Fi 6E / BT 5.3 / 5G,N/A,199,4.7,Professionals / creators,Tetraprism 5x zoom; ProRes; thin bezels; A18 Pro chip
iPhone 15 Pro Max,Apple,Mobile,1199,450000,8GB,256GB,Apple A17 Pro,Apple GPU,"6.7""",Super Retina XDR OLED,N/A,29,48MP Triple,iOS 17,Wi-Fi 6E / BT 5.3 / 5G,N/A,221,4.7,Power users,Titanium frame; 5x optical zoom; USB-C 3.0; Action Button
iPhone SE 4 (2025),Apple,Mobile,599,199000,8GB,128GB,Apple A18,Apple GPU,"6.1""",Super Retina XDR OLED,3279,18,48MP,iOS 18,Wi-Fi 6E / BT 5.3 / 5G,N/A,167,4.4,Budget Apple fans,Cheapest Apple 5G; Face ID; USB-C; A18 chip
Samsung Galaxy S26 Ultra,Samsung,Mobile,1099,365000,12GB,256GB,Snapdragon 8 Elite Gen 5,Adreno,"6.9""",Dynamic AMOLED 2X 120Hz,5000,29,200MP Quad,Android 16,Wi-Fi 7 / BT 5.4 / 5G,N/A,219,4.9,Power users / S-Pen lovers,S-Pen built-in; Privacy Display; Galaxy AI; 200MP camera
Samsung Galaxy S25 Ultra,Samsung,Mobile,1299,432000,12GB,256GB,Snapdragon 8 Elite,Adreno,"6.9""",Dynamic AMOLED 2X 120Hz,5000,27,200MP Quad,Android 15,Wi-Fi 7 / BT 5.3 / 5G,N/A,218,4.8,S-Pen power users,S-Pen; 200MP; Snapdragon 8 Elite; AI features
Samsung Galaxy S25+,Samsung,Mobile,999,332000,12GB,256GB,Snapdragon 8 Elite,Adreno,"6.7""",Dynamic AMOLED 2X 120Hz,4900,27,50MP Triple,Android 15,Wi-Fi 7 / BT 5.3 / 5G,N/A,190,4.7,Mainstream flagship users,Bigger than S25; Snapdragon 8 Elite; Galaxy AI
Samsung Galaxy S25,Samsung,Mobile,799,266000,12GB,128GB,Snapdragon 8 Elite,Adreno,"6.2""",Dynamic AMOLED 2X 120Hz,4000,24,50MP Triple,Android 15,Wi-Fi 7 / BT 5.3 / 5G,N/A,162,4.7,Compact flagship users,Compact flagship; IP68; Snapdragon 8 Elite; AI
Samsung Galaxy S25 FE,Samsung,Mobile,599,199000,8GB,128GB,Exynos 2500,Xclipse,"6.7""",Dynamic AMOLED 2X 120Hz,4900,26,50MP Triple,Android 15,Wi-Fi 6E / BT 5.3 / 5G,N/A,205,4.4,Value flagship seekers,Fan Edition flagship; large AMOLED; 45W charging
Samsung Galaxy A56 5G,Samsung,Mobile,449,149000,8GB,256GB,Exynos 1580,Xclipse,"6.7""",Super AMOLED 120Hz,5000,30,50MP Triple,Android 15,Wi-Fi 6E / BT 5.3 / 5G,N/A,213,4.5,Mid-range users,IP67; optical zoom; vapor cooling; AI features; AMOLED
Samsung Galaxy A36 5G,Samsung,Mobile,349,116000,8GB,128GB,Snapdragon 6 Gen 3,Adreno,"6.66""",Super AMOLED 120Hz,5000,30,50MP Triple,Android 15,Wi-Fi 6 / BT 5.3 / 5G,N/A,198,4.3,Budget mid-range users,120Hz AMOLED; 50MP camera; 5G; solid daily driver
Samsung Galaxy A16 5G,Samsung,Mobile,199,66000,8GB,128GB,Dimensity 6300,Arm Mali,"6.7""",PLS LCD 90Hz,5000,25,50MP,Android 14,Wi-Fi 5 / BT 5.3 / 5G,N/A,200,4.1,Entry-level users,Budget 5G; 6yr OS updates; 50MP camera; value pick
Samsung Galaxy Z Fold 7,Samsung,Mobile,1999,665000,12GB,256GB,Snapdragon 8 Elite Gen 5,Adreno,"7.6"" Inner / 6.5"" Outer",Foldable LTPO AMOLED 120Hz,4400,22,200MP Triple,Android 16,Wi-Fi 7 / BT 5.4 / 5G,N/A,239,4.8,Foldable / productivity users,Notebook-style foldable; 200MP; S-Pen support; ultra thin
Samsung Galaxy Z Flip 7,Samsung,Mobile,1099,365000,12GB,256GB,Snapdragon 8 Elite Gen 5,Adreno,"6.7"" Inner / 4.1"" Cover",Foldable AMOLED 120Hz,4000,20,50MP Dual,Android 16,Wi-Fi 6E / BT 5.3 / 5G,N/A,187,4.7,Fashion / compact users,Flip foldable; large cover screen; Galaxy AI; compact
Google Pixel 10 Pro XL,Google,Mobile,1099,365000,16GB,256GB,Tensor G5,Tensor GPU,"6.8""",LTPO OLED 120Hz,5060,30,50MP Triple,Android 16,Wi-Fi 7 / BT 5.4 / 5G,N/A,227,4.8,Camera enthusiasts,Best-in-class camera AI; 7yr updates; Qi2; pure Android
Google Pixel 10 Pro,Google,Mobile,999,332000,16GB,256GB,Tensor G5,Tensor GPU,"6.3""",LTPO OLED 120Hz,4700,30,50MP Triple,Android 16,Wi-Fi 7 / BT 5.4 / 5G,N/A,214,4.7,Premium camera users,Compact Pro; Tensor G5; 7yr support; On-device AI
Google Pixel 10,Google,Mobile,799,266000,12GB,128GB,Tensor G5,Tensor GPU,"6.3""",OLED 120Hz,4970,31,50MP Triple,Android 16,Wi-Fi 7 / BT 5.4 / 5G,N/A,204,4.6,Everyday Android users,First triple cam standard Pixel; Qi2; pure Android; AI
Google Pixel 10a,Google,Mobile,499,166000,8GB,128GB,Tensor G5,Tensor GPU,"6.3""",pOLED 120Hz,5100,30,48MP Dual,Android 16,Wi-Fi 6E / BT 5.3 / 5G,N/A,174,4.5,Budget-conscious users,Affordable Pixel; great camera; 7yr updates; clean Android
Xiaomi 15 Ultra,Xiaomi,Mobile,999,332000,16GB,512GB,Snapdragon 8 Elite,Adreno,"6.73""",LTPO AMOLED 120Hz,5410,26,200MP Quad,Android 15,Wi-Fi 7 / BT 5.4 / 5G,N/A,229,4.8,Camera powerhouse seekers,Leica 200MP camera; 90W wireless charging; IP68; premium build
Xiaomi 15,Xiaomi,Mobile,799,266000,12GB,256GB,Snapdragon 8 Elite,Adreno,"6.36""",AMOLED 120Hz,5240,24,50MP Triple,Android 15,Wi-Fi 7 / BT 5.4 / 5G,N/A,190,4.6,Compact flagship users,Compact; Leica optics; 90W HyperCharge; IP68
Redmi Note 14 Pro+ 5G,Xiaomi,Mobile,349,116000,12GB,256GB,Snapdragon 7s Gen 3,Adreno,"6.67""",AMOLED 120Hz,5110,22,200MP Triple,Android 14,Wi-Fi 6 / BT 5.4 / 5G,N/A,197,4.5,Mid-range value seekers,200MP camera; 90W fast charge; IP68; AMOLED value king
Redmi Note 14 Pro 5G,Xiaomi,Mobile,299,99000,8GB,256GB,Snapdragon 7s Gen 3,Adreno,"6.67""",AMOLED 120Hz,5500,25,50MP Triple,Android 14,Wi-Fi 6 / BT 5.4 / 5G,N/A,190,4.4,Budget mid-range users,AMOLED; 5500mAh; 45W charging; 5G; solid all-rounder
Redmi Note 14 4G,Xiaomi,Mobile,199,66000,8GB,128GB,Helio G100,Arm Mali,"6.67""",AMOLED 120Hz,5500,28,108MP,Android 14,Wi-Fi 5 / BT 5.3 / 4G,N/A,200,4.2,Budget AMOLED lovers,AMOLED 120Hz; 108MP; huge battery; budget king
Redmi 14C,Xiaomi,Mobile,129,43000,4GB,128GB,Helio G85,Arm Mali,"6.88""",IPS LCD 90Hz,5160,22,50MP,Android 14,Wi-Fi 5 / BT 5.1 / 4G,N/A,204,3.9,Entry-level / first phone users,Ultra budget; large screen; long battery; basic daily use
POCO X7 Pro,Xiaomi,Mobile,399,133000,12GB,256GB,Snapdragon 8s Gen 3,Adreno,"6.67""",AMOLED 120Hz,5110,24,50MP Triple,Android 15,Wi-Fi 6E / BT 5.4 / 5G,N/A,220,4.6,Gaming / performance users,SD 8s Gen 3 at mid-range price; 90W charging; IP68; gaming
POCO M7 Pro 5G,Xiaomi,Mobile,199,66000,6GB,128GB,Dimensity 7025 Ultra,Arm Mali,"6.67""",AMOLED 120Hz,5000,22,50MP,Android 14,Wi-Fi 6 / BT 5.3 / 5G,N/A,179,4.1,5G budget seekers,Budget 5G AMOLED; clean MIUI; good daily performance
Tecno Camon 40 Pro 5G,Tecno,Mobile,250,83000,8GB,256GB,Dimensity 6300,Arm Mali,"6.78""",AMOLED 120Hz,5200,26,50MP Triple,Android 15,Wi-Fi 6 / BT 5.3 / 5G,N/A,210,4.3,Budget 5G AMOLED users,AMOLED 5G at budget price; Sony LYT-700C sensor; IP53
Tecno Spark 30 Pro,Tecno,Mobile,150,50000,8GB,256GB,Helio G100,Arm Mali,"6.78""",IPS LCD 120Hz,5100,23,50MP Dual,Android 14,Wi-Fi 5 / BT 5.3 / 4G,N/A,214,3.9,Entry-level budget users,Affordable; large display; good battery; casual use
Tecno Pova 7 Pro,Tecno,Mobile,200,66000,8GB,256GB,Dimensity 6300,Arm Mali,"6.78""",IPS LCD 120Hz,7000,30,50MP Dual,Android 14,Wi-Fi 6 / BT 5.3 / 5G,N/A,220,4.1,Battery life maximizers,7000mAh massive battery; 5G; gaming mode; affordable
Infinix GT 30 Pro,Infinix,Mobile,250,83000,8GB,256GB,Dimensity 7300 Ultra,Arm Mali,"6.67""",AMOLED 120Hz,5000,25,108MP,Android 15,Wi-Fi 6E / BT 5.3 / 5G,N/A,198,4.3,Budget gaming users,Gaming-focused design; AMOLED; 68W charging; 5G
Infinix Note 50 Pro+,Infinix,Mobile,200,66000,12GB,256GB,Helio G100,Arm Mali,"6.78""",AMOLED 120Hz,5000,24,108MP Triple,Android 14,Wi-Fi 6 / BT 5.3 / 4G,N/A,210,4.2,Mid-range value seekers,AMOLED; 108MP; 45W charging; large RAM; solid value
Infinix Hot 70 5G,Infinix,Mobile,150,50000,6GB,128GB,Dimensity 6300,Arm Mali,"6.78""",IPS LCD 90Hz,5000,24,50MP,Android 14,Wi-Fi 5 / BT 5.3 / 5G,N/A,210,3.8,First 5G phone seekers,Cheapest 5G option; large screen; good battery
Realme GT 8 Pro,Realme,Mobile,559,186000,12GB,256GB,Snapdragon 8 Elite,Adreno,"6.78""",LTPO AMOLED 120Hz,5500,26,50MP Triple,Android 15,Wi-Fi 7 / BT 5.4 / 5G,N/A,215,4.6,Value flagship seekers,Flagship SD 8 Elite; 320W fast charging; IP65; AMOLED
Realme 14 Pro+ 5G,Realme,Mobile,349,116000,12GB,256GB,Snapdragon 7s Gen 3,Adreno,"6.83""",AMOLED 120Hz,6000,28,50MP Triple,Android 15,Wi-Fi 6E / BT 5.3 / 5G,N/A,214,4.4,Mid-range photographers,6000mAh; triple cam; AMOLED; solid mid-ranger
Realme C85,Realme,Mobile,149,49000,8GB,256GB,Helio G85,Arm Mali,"6.72""",IPS LCD 90Hz,5000,24,50MP,Android 14,Wi-Fi 5 / BT 5.0 / 4G,N/A,192,3.9,Ultra-budget users,Budget option; water resistance; large storage; decent cam
Oppo Find X8 Pro,Oppo,Mobile,999,332000,16GB,512GB,Snapdragon 8 Elite,Adreno,"6.78""",LTPO AMOLED 120Hz,5910,26,50MP Quad,Android 15,Wi-Fi 7 / BT 5.4 / 5G,N/A,218,4.8,Camera / flagship users,Hasselblad quad cam; IP69; 80W wireless; long battery
Oppo Reno 13 Pro 5G,Oppo,Mobile,499,166000,12GB,256GB,Dimensity 8350,Arm Mali,"6.83""",AMOLED 120Hz,5800,30,50MP Triple,Android 15,Wi-Fi 6E / BT 5.3 / 5G,N/A,196,4.4,Mid-range premium seekers,AI portrait camera; IP65; slim design; 80W charging
Vivo V50 Pro,Vivo,Mobile,449,149000,12GB,256GB,Snapdragon 7 Gen 3,Adreno,"6.78""",AMOLED 120Hz,5500,30,50MP Triple,Android 15,Wi-Fi 6E / BT 5.3 / 5G,N/A,213,4.4,Selfie / portrait users,ZEISS optics; 50MP selfie; IP68; slim design; AMOLED
Vivo Y400 5G,Vivo,Mobile,249,83000,8GB,256GB,Dimensity 6300,Arm Mali,"6.77""",AMOLED 120Hz,5500,25,50MP Dual,Android 14,Wi-Fi 6 / BT 5.3 / 5G,N/A,195,4.2,Budget AMOLED 5G users,Budget 5G AMOLED; slim build; 44W charging; value pick
OnePlus 13,OnePlus,Mobile,899,299000,12GB,256GB,Snapdragon 8 Elite,Adreno,"6.82""",LTPO AMOLED 120Hz,6000,30,50MP Triple,Android 15,Wi-Fi 7 / BT 5.4 / 5G,N/A,210,4.7,Fast-charging / performance lovers,100W wired + 50W wireless; Hasselblad cam; IP69; 6000mAh
OnePlus Nord 4,OnePlus,Mobile,449,149000,12GB,256GB,Snapdragon 7+ Gen 3,Adreno,"6.74""",AMOLED 120Hz,5500,28,50MP Dual,Android 14,Wi-Fi 6E / BT 5.4 / 5G,N/A,199,4.4,Value mid-range users,100W charging; metal unibody; AMOLED; clean OxygenOS
Nothing Phone 3,Nothing,Mobile,699,232000,12GB,256GB,Snapdragon 8s Gen 4,Adreno,"6.77""",LTPO AMOLED 120Hz,5150,26,50MP Triple,Android 15,Wi-Fi 6E / BT 5.3 / 5G,N/A,196,4.6,Design / unique UX lovers,Glyph Interface lights; clean Nothing OS 3; great camera
Nothing Phone 3a Pro,Nothing,Mobile,399,133000,12GB,256GB,Snapdragon 7s Gen 3,Adreno,"6.77""",AMOLED 120Hz,5000,24,50MP Triple,Android 15,Wi-Fi 6 / BT 5.3 / 5G,N/A,197,4.4,Mid-range differentiation seekers,Periscope zoom; Glyph; clean OS; best mid-range camera
Motorola Razr Ultra 2025,Motorola,Mobile,1299,432000,16GB,512GB,Snapdragon 8 Elite,Adreno,"6.9"" / 4"" Cover",Foldable LTPO AMOLED 165Hz,4700,24,50MP Dual,Android 15,Wi-Fi 7 / BT 5.4 / 5G,N/A,199,4.6,Foldable fashion users,Thinnest flip; 165Hz; Moto AI; huge cover screen; 68W
Honor 300 Ultra,Honor,Mobile,699,232000,16GB,512GB,Snapdragon 8 Gen 3,Adreno,"6.8""",LTPO AMOLED 120Hz,5300,28,200MP Triple,Android 15,Wi-Fi 7 / BT 5.3 / 5G,N/A,220,4.5,Value flagship users,200MP triple cam; AI photography; 100W charging; premium
iQOO 13 5G,iQOO,Mobile,699,232000,16GB,256GB,Snapdragon 8 Elite,Adreno,"6.82""",AMOLED 144Hz,6150,28,50MP Triple,Android 15,Wi-Fi 7 / BT 5.4 / 5G,N/A,225,4.7,Hardcore gamers,144Hz display; 120W ultra-fast charging; gaming cooling; eSports
HP Victus 15 (2025),HP,Laptop,1099,185000,16GB,512GB SSD,Intel Core i5-13420H,RTX 4050,"15.6""",FHD IPS 144Hz,N/A,8,N/A,Windows 11,Wi-Fi 6 / BT 5.3,N/A,2200,4.4,Budget gamers,Entry gaming; 144Hz; backlit KB; solid thermal performance
HP Spectre x360 14 (2025),HP,Laptop,1699,472000,32GB,1TB SSD,Intel Core Ultra 7 155H,Intel Arc,"13.5""",2.8K OLED Touch,N/A,17,N/A,Windows 11,Wi-Fi 6E / BT 5.3,N/A,1420,4.7,Creative professionals,2-in-1 convertible; Thunderbolt 4; OLED; premium build
HP Omen 16 (2025),HP,Laptop,1499,417000,16GB,1TB SSD,Intel Core i7-14700HX,RTX 4070,"16.1""",QHD 165Hz,N/A,6,N/A,Windows 11,Wi-Fi 6E / BT 5.3,N/A,2450,4.5,Gamers / streamers,Per-key RGB; Omen Command Center; 140W GPU TDP; 165Hz QHD
HP Envy 16 (2025),HP,Laptop,1399,389000,16GB,1TB SSD,Intel Core Ultra 7 165H,RTX 4060,"16""",2.5K OLED,N/A,12,N/A,Windows 11,Wi-Fi 6E / BT 5.3,N/A,2150,4.6,Content creators,OLED creator display; Thunderbolt 4; solid GPU; AI features
HP Pavilion 15 (2025),HP,Laptop,849,236000,32GB,1TB SSD,Intel Core i5-1334U,Intel Iris Xe,"15.6""",FHD Touch,N/A,11,N/A,Windows 11,Wi-Fi 6 / BT 5.0,N/A,1980,4.2,Students / everyday users,Budget all-rounder; touchscreen; numeric KB; lightweight
HP EliteBook 840 G11,HP,Laptop,1599,445000,32GB,512GB SSD,Intel Core Ultra 5 125U,Intel Arc,"14""",WUXGA IPS,N/A,16,N/A,Windows 11 Pro,Wi-Fi 6E / BT 5.3,N/A,1380,4.6,Business professionals,vPro; Thunderbolt 4; MIL-SPEC; enterprise security; AI PC
Lenovo IdeaPad 5 (2025),Lenovo,Laptop,749,208000,16GB,512GB SSD,AMD Ryzen 5 7530U,AMD Radeon,"15.6""",FHD IPS,N/A,10,N/A,Windows 11,Wi-Fi 6 / BT 5.2,N/A,1770,4.2,Students / budget users,Affordable; slim; good battery; reliable daily use
Lenovo ThinkPad X1 Carbon Gen 13,Lenovo,Laptop,1899,528000,32GB,1TB SSD,Intel Core Ultra 7 165U,Intel Iris Xe,"14""",2.8K OLED,N/A,15,N/A,Windows 11 Pro,Wi-Fi 6E / BT 5.3,N/A,1120,4.8,Business road warriors,Ultra-light 1.12kg; MIL-SPEC; Thunderbolt 4; best keyboard
Lenovo Legion 5i (2025),Lenovo,Laptop,1299,361000,16GB,1TB SSD,Intel Core i7-14700HX,RTX 4060,"15.6""",FHD 144Hz,N/A,5,N/A,Windows 11,Wi-Fi 6E / BT 5.3,N/A,2400,4.5,Gamers,Coldfront 5.0 cooling; 4-zone RGB; solid 1080p gaming
Lenovo Yoga 9i (2025),Lenovo,Laptop,1599,445000,16GB,1TB SSD,Intel Core Ultra 7 155H,Intel Iris Xe,"14""",2.8K OLED Touch,N/A,14,N/A,Windows 11,Wi-Fi 6E / BT 5.3,N/A,1390,4.7,Creative / flexible users,2-in-1 premium; haptic touchpad; JBL quad speakers; Yoga
Lenovo ThinkBook 14 Gen 7 (2025),Lenovo,Laptop,999,278000,16GB,512GB SSD,AMD Ryzen 7 8845HS,AMD Radeon 780M,"14""",FHD IPS,N/A,12,N/A,Windows 11 Pro,Wi-Fi 6E / BT 5.3,N/A,1380,4.4,SME professionals,Solid business laptop; great keyboard; AMD AI performance; value
Dell XPS 15 (2025),Dell,Laptop,1999,556000,32GB,1TB SSD,Intel Core Ultra 9 185H,RTX 4070,"15.6""",3.5K OLED,N/A,13,N/A,Windows 11,Wi-Fi 6E / BT 5.3,N/A,1870,4.8,Premium creators,Best display on any laptop; Thunderbolt 4; CNC aluminum; sleek
Dell Inspiron 15 3000 (2025),Dell,Laptop,799,222000,16GB,512GB SSD,Intel Core i5-1335U,Intel Iris Xe,"15.6""",FHD IPS,N/A,9,N/A,Windows 11,Wi-Fi 6 / BT 5.0,N/A,1870,4.1,Everyday home users,Reliable budget Dell; good port selection; solid build
Dell Latitude 9440 (2025),Dell,Laptop,2199,612000,32GB,512GB SSD,Intel Core Ultra 7 vPro,Intel Iris Xe,"14""",2.8K Touch,N/A,14,N/A,Windows 11 Pro,Wi-Fi 6E / BT 5.3,N/A,1360,4.6,Enterprise professionals,vPro enterprise; AI features; Thunderbolt 4; ultra-slim
Dell Alienware m16 R2 (2025),Dell,Laptop,2299,640000,32GB,1TB SSD,Intel Core i9-14900HX,RTX 4080,"16""",QHD+ 240Hz,N/A,4,N/A,Windows 11,Wi-Fi 6E / BT 5.3,N/A,3100,4.6,Hardcore gamers,Gaming flagship; Cherry MX KB; 240Hz; massive cooling system
Dell G15 (2025),Dell,Laptop,899,250000,16GB,512GB SSD,Intel Core i5-14500HX,RTX 4060,"15.6""",FHD 165Hz,N/A,7,N/A,Windows 11,Wi-Fi 6 / BT 5.3,N/A,2350,4.3,Entry gaming / students,Budget gaming Dell; 165Hz; solid GPU; competitive price
Apple MacBook Pro 16 M4 Pro,Apple,Laptop,2499,695000,24GB,512GB SSD,Apple M4 Pro,Apple M4 Pro GPU,"16.2""",Liquid Retina XDR,N/A,22,N/A,macOS Sequoia,Wi-Fi 6E / BT 5.3,N/A,2140,4.9,Pro developers / video editors,Best battery life (22hrs); Thunderbolt 5; M4 Pro AI; XDR display
Apple MacBook Air 13 M4,Apple,Laptop,1299,361000,16GB,256GB SSD,Apple M4,Apple M4 GPU,"13.6""",Liquid Retina,N/A,18,N/A,macOS Sequoia,Wi-Fi 6E / BT 5.3,N/A,1240,4.8,Students / light creators,Fanless; ultra-portable; best-in-class efficiency; M4 chip
Asus ZenBook 14 OLED (2025),Asus,Laptop,1199,334000,16GB,1TB SSD,AMD Ryzen 7 8840HS,AMD Radeon 780M,"14""",2.8K OLED,N/A,12,N/A,Windows 11,Wi-Fi 6E / BT 5.3,N/A,1390,4.6,Slim laptop users,Gorgeous OLED; ErgoSense keyboard; IR camera; ultra-slim
Asus ROG Zephyrus G16 (2025),Asus,Laptop,2199,611000,32GB,1TB SSD,Intel Core Ultra 9 185H,RTX 4090,"16""",QHD+ 240Hz,N/A,5,N/A,Windows 11,Wi-Fi 6E / BT 5.3,N/A,2150,4.8,Premium gamers,RTX 4090 in slim chassis; top-tier QHD gaming; ROG Nebula display
Acer Aspire 5 (2025),Acer,Laptop,649,181000,16GB,512GB SSD,Intel Core i5-1335U,Intel Iris Xe,"15.6""",FHD IPS,N/A,11,N/A,Windows 11,Wi-Fi 6 / BT 5.1,N/A,1800,4.1,Budget students,Affordable daily; good port selection; reliable; slim
Acer Predator Helios 16 (2025),Acer,Laptop,2499,695000,32GB,1TB SSD,Intel Core i9-14900HX,RTX 4080,"16""",QHD 240Hz,N/A,4,N/A,Windows 11,Wi-Fi 6E / BT 5.3,N/A,2900,4.6,Serious gamers,Top-tier gaming; MUX switch; 240Hz QHD; PredatorSense cooling
MSI Raider GE78 HX (2025),MSI,Laptop,3499,973000,64GB,2TB SSD,Intel Core i9-14900HX,RTX 4090,"17.3""",QHD 240Hz,N/A,3,N/A,Windows 11,Wi-Fi 6E / BT 5.3,N/A,3100,4.7,Ultimate gaming enthusiasts,RTX 4090 desktop-class; 64GB RAM; 240Hz QHD; overkill power
Razer Blade 15 (2025),Razer,Laptop,2799,779000,32GB,1TB SSD,Intel Core i9-14900HX,RTX 4070 Ti,"15.6""",QHD 240Hz,N/A,6,N/A,Windows 11,Wi-Fi 6E / BT 5.3,N/A,2070,4.7,Premium gamer / creators,Slim gaming premium; CNC aluminum; per-key RGB; 240Hz
Microsoft Surface Laptop 7,Microsoft,Laptop,1299,361000,16GB,512GB SSD,Snapdragon X Elite,Qualcomm Adreno,"13.8""",2304x1536 Touch,N/A,20,N/A,Windows 11,Wi-Fi 6E / BT 5.3,N/A,1340,4.5,Everyday professionals,ARM Windows; excellent battery; touchscreen; Copilot+ PC
Samsung Galaxy Book4 Ultra,Samsung,Laptop,2499,695000,32GB,1TB SSD,Intel Core Ultra 9,RTX 4070,"16""",3K AMOLED,N/A,18,N/A,Windows 11,Wi-Fi 6E / BT 5.3,N/A,1690,4.7,Samsung ecosystem users,Stunning 3K AMOLED; Galaxy AI; thin premium build; creators
Apple AirPods Pro 3,Apple,Airbuds,249,69000,N/A,N/A,Apple H2 Chip,N/A,N/A,In-Ear,N/A,30,N/A,iOS/Android,Bluetooth 5.3,Yes,5.3,4.9,iPhone users / ANC lovers,Best ANC (90%); heart rate tracking; hearing aid mode; Live Translation
Samsung Galaxy Buds 4 Pro,Samsung,Airbuds,199,55000,N/A,N/A,Samsung chip,N/A,N/A,In-Ear,N/A,24,N/A,Android/iOS,Bluetooth 5.4,Yes,5.0,4.7,Samsung users / gym-goers,Galaxy AI; 360 Audio; adaptive ANC; IP57 waterproof
Sony WF-1000XM6,Sony,Airbuds,279,78000,N/A,N/A,Sony V2 Processor,N/A,N/A,In-Ear,N/A,30,N/A,Android/iOS,Bluetooth 5.3,Yes,5.0,4.8,Android audiophiles,Top-rated ANC; LDAC Hi-Res; 10-band EQ; multipoint; 3-min charge
Sony WF-1000XM5,Sony,Airbuds,248,69000,N/A,N/A,Sony V1 Processor,N/A,N/A,In-Ear,N/A,36,N/A,Android/iOS,Bluetooth 5.3,Yes,5.6,4.7,Budget Sony fans,Excellent ANC; LDAC; smaller than XM4; audiophile grade
Technics EAH-AZ100,Technics,Airbuds,299,83000,N/A,N/A,Technics chip,N/A,N/A,In-Ear,N/A,24,N/A,Android/iOS,Bluetooth 5.3,Yes,6.1,4.8,Audiophile purists,Hi-Res LDAC; top 5-star rated; Ear Activity Detection; clear calls
JBL Tour Pro 3,JBL,Airbuds,249,69000,N/A,N/A,JBL chip,N/A,N/A,In-Ear,N/A,40,N/A,Android/iOS,Bluetooth 5.3,Yes,6.0,4.6,All-round daily users,Smart charging case with touchscreen; 40-hr battery; spatial audio
Beats Powerbeats Pro 2,Beats,Airbuds,249,69000,N/A,N/A,Apple H2 Chip,N/A,N/A,Ear-Hook,N/A,35,N/A,iOS/Android,Bluetooth 5.3,Yes,9.6,4.5,Athletes / workout users,Heart rate sensor; secure ear-hook; sweat proof; Apple H2
Google Pixel Buds Pro 2,Google,Airbuds,229,64000,N/A,N/A,Google Tensor A1,N/A,N/A,In-Ear,N/A,30,N/A,Android/iOS,Bluetooth 5.0,Yes,6.2,4.6,Pixel / Android users,Best Pixel integration; Silent Seal ANC; Conversation Detection
Nothing Ear (3),Nothing,Airbuds,149,41000,N/A,N/A,Nothing chip,N/A,N/A,In-Ear,N/A,32,N/A,Android/iOS,Bluetooth 5.3,Yes,5.0,4.5,Design lovers on budget,Transparent stem design; LDAC; multipoint; great mid-range value
CMF Buds 2 Pro,Nothing,Airbuds,69,19000,N/A,N/A,Nothing chip,N/A,N/A,In-Ear,N/A,36,N/A,Android/iOS,Bluetooth 5.3,Yes,5.6,4.3,Ultra-budget ANC users,Cheapest solid ANC buds; 83% noise reduction; LDAC; multipoint
OnePlus Buds Pro 3,OnePlus,Airbuds,149,41000,N/A,N/A,OnePlus chip,N/A,N/A,In-Ear,N/A,43,N/A,Android/iOS,Bluetooth 5.3,Yes,6.2,4.4,OnePlus users / travelers,43-hr total battery; LDAC; spatial audio; great ANC for price
Redmi Buds 6 Pro,Xiaomi,Airbuds,79,22000,N/A,N/A,Xiaomi chip,N/A,N/A,In-Ear,N/A,38,N/A,Android/iOS,Bluetooth 5.4,Yes,4.7,4.2,Budget conscious users,Budget ANC earbuds; LDAC; 38hr total; multipoint; value pick
Realme Buds Air 6 Pro,Realme,Airbuds,89,25000,N/A,N/A,Realme chip,N/A,N/A,In-Ear,N/A,36,N/A,Android/iOS,Bluetooth 5.3,Yes,4.6,4.2,Realme / budget users,Solid budget ANC; LDAC; 36-hr; good sound for price
EarFun Air Pro 4,EarFun,Airbuds,79,22000,N/A,N/A,EarFun chip,N/A,N/A,In-Ear,N/A,36,N/A,Android/iOS,Bluetooth 5.4,Yes,5.2,4.3,Value audiophiles,Budget LDAC ANC; 36hr; BT 5.4; multipoint; punches above price
Jabra Evolve2 Buds,Jabra,Airbuds,299,83000,N/A,N/A,Jabra chip,N/A,N/A,In-Ear,N/A,27,N/A,Android/iOS,Bluetooth 5.2,Yes,5.9,4.5,Business / WFH professionals,Business-grade ANC; 6-mic calls; UC certified; MS Teams ready
Huawei FreeBuds Pro 4,Huawei,Airbuds,199,55000,N/A,N/A,Huawei Kirin A2,N/A,N/A,In-Ear,N/A,31,N/A,Android/iOS,Bluetooth 5.3,Yes,5.0,4.4,Huawei users / ANC seekers,Tri-mic ANC; LDAC; 4D sound; adaptive EQ; great build quality
Soundcore Liberty 4 Pro,Anker,Airbuds,99,28000,N/A,N/A,Anker chip,N/A,N/A,In-Ear,N/A,40,N/A,Android/iOS,Bluetooth 5.3,Yes,5.4,4.3,Budget power users,40-hr total; heart rate monitor; LDAC; great ANC for budget
Sony WH-1000XM6,Sony,Headphones,449,125000,N/A,N/A,Sony V2 Processor,N/A,N/A,Over-Ear,N/A,30,N/A,Android/iOS,Bluetooth 5.3,Yes,250,4.9,Frequent travelers / audiophiles,#1 ANC headphones; LDAC; multipoint; 3-min fast charge; foldable
Sony WH-1000XM5,Sony,Headphones,348,97000,N/A,N/A,Sony V1 Processor,N/A,N/A,Over-Ear,N/A,30,N/A,Android/iOS,Bluetooth 5.2,Yes,250,4.8,Audiophile travelers,Excellent ANC; LDAC; comfortable; speak-to-chat; multipoint
Bose QuietComfort Ultra (2nd Gen),Bose,Headphones,429,119000,N/A,N/A,Bose chip,N/A,N/A,Over-Ear,N/A,24,N/A,Android/iOS,Bluetooth 5.3,Yes,250,4.8,Noise-cancelling purists,CustomTune calibration; Immersive spatial audio; best comfort
Apple AirPods Max (USB-C),Apple,Headphones,549,153000,N/A,N/A,Apple H1,N/A,N/A,Over-Ear,N/A,20,N/A,iOS/Android,Bluetooth 5.3,Yes,385,4.7,Apple ecosystem users,Premium build; Transparency mode; Spatial Audio; Lossless ready
Sennheiser MOMENTUM 4 Wireless,Sennheiser,Headphones,349,97000,N/A,N/A,Sennheiser chip,N/A,N/A,Over-Ear,N/A,60,N/A,Android/iOS,Bluetooth 5.2,Yes,293,4.7,Battery-first audiophiles,60-hr best-in-class battery; LDAC; adaptive ANC; premium sound
Bang & Olufsen Beoplay H95,Bang & Olufsen,Headphones,849,236000,N/A,N/A,B&O chip,N/A,N/A,Over-Ear,N/A,38,N/A,Android/iOS,Bluetooth 5.1,Yes,322,4.7,Luxury audio enthusiasts,Luxury craftsmanship; dual-layer ANC; LDAC; premium aluminum
JBL Tour One M2,JBL,Headphones,299,83000,N/A,N/A,JBL chip,N/A,N/A,Over-Ear,N/A,30,N/A,Android/iOS,Bluetooth 5.3,Yes,267,4.5,Commuters / travelers,Adaptive ANC; spatial sound; foldable; multipoint; good value
Jabra Evolve2 85,Jabra,Headphones,449,125000,N/A,N/A,Jabra chip,N/A,N/A,Over-Ear,N/A,37,N/A,Android/iOS,Bluetooth 5.0,Yes,340,4.6,Business / enterprise users,Professional ANC; 10-mic call quality; UC/Teams certified; Jabra+
Skullcandy Crusher ANC 2,Skullcandy,Headphones,199,55000,N/A,N/A,Skullcandy chip,N/A,N/A,Over-Ear,N/A,40,N/A,Android/iOS,Bluetooth 5.2,Yes,276,4.3,Bass lovers / budget buyers,Adjustable haptic bass; 40-hr; solid ANC; affordable fun
Nothing CMF Headphones Pro,Nothing,Headphones,99,28000,N/A,N/A,Nothing chip,N/A,N/A,Over-Ear,N/A,35,N/A,Android/iOS,Bluetooth 5.3,Yes,252,4.2,Budget ANC shoppers,Ultra-budget ANC over-ear; 35hr; multipoint; clean design
Sony WH-CH720N,Sony,Headphones,149,41000,N/A,N/A,Sony chip,N/A,N/A,Over-Ear,N/A,35,N/A,Android/iOS,Bluetooth 5.2,Yes,192,4.4,Budget travelers,Lightest Sony ANC (192g); 35hr; foldable; good value ANC
Beats Studio Pro,Beats,Headphones,349,97000,N/A,N/A,Apple chip,N/A,N/A,Over-Ear,N/A,40,N/A,iOS/Android,Bluetooth 5.3,Yes,260,4.5,Apple fans / studio users,Personalized Spatial Audio; USB-C lossless; 40hr; custom EQ
Anker Soundcore Q45,Anker,Headphones,79,22000,N/A,N/A,Anker chip,N/A,N/A,Over-Ear,N/A,65,N/A,Android/iOS,Bluetooth 5.3,Yes,250,4.2,Ultra-budget users,65-hr battery; LDAC; ANC; cheapest solid over-ear option
Audio-Technica ATH-M50xBT2,Audio-Technica,Headphones,199,55000,N/A,N/A,AT chip,N/A,N/A,Over-Ear,N/A,50,N/A,Android/iOS,Bluetooth 5.0,No,0,4.4,Studio / music production,Studio-accurate sound; 50hr; no ANC but audiophile reference
Microsoft Surface Headphones 2+,Microsoft,Headphones,299,83000,N/A,N/A,Microsoft chip,N/A,N/A,Over-Ear,N/A,18,N/A,Android/iOS,Bluetooth 5.0,Yes,290,4.3,Teams / Office 365 users,Dial-based ANC control; Teams certified; Cortana; versatile
